{"cameraMode":{"drawMode":0,"name":"Shaded","section":"Shading Mode"},"sceneLighting":false,"audioPlay":false,"sceneViewState":{"showFog":true,"showMaterialUpdate":false,"showSkybox":false,"showFlares":true,"showImageEffects":true,"showParticleSystems":true,"showVisualEffectGraphs":true,"m_FxEnabled":true},"in2DMode":false,"pivot":{"x":-0.4760994017124176,"y":0.8479459285736084,"z":0.7651641964912415},"rotation":{"x":0.16766232252120973,"y":-0.12356285005807877,"z":0.02114948257803917,"w":0.977821946144104},"size":2.4712157249450685,"orthographic":false}